{
  "$schema": "https://raw.githubusercontent.com/AArnott/Nerdbank.GitVersioning/master/src/NerdBank.GitVersioning/version.schema.json",
  "version": "3.10.1", //-beta.{height}
  "nugetPackageVersion": {
    "semVer": 2
  },
  "assemblyVersion": {
    "precision": "revision"
  },
  "publicReleaseRefSpec": [
    "^refs/heads/master$", // we release out of master
    "^refs/tags/v\\d+\\.\\d+\\.\\d+" // we also release tags starting with vN.N.N
  ],
  "cloudBuild": {
    "buildNumber": {
      "enabled": true,
      "includeCommitId": {
        "when": "nonPublicReleaseOnly",
        "where": "buildMetadata"
      }
    },
    "setAllVariables": true,
    "setVersionVariables": true
  }
}
